"order_id";"customer_id";"restaurant_id";"order_date";"delivery_time";"order_status";"total_amount";"payment_mode";"discount_applied";"feed_back_rating"
300159;200026;100022;"2021-09-29";"20:47:55";"pending";615;"upi";45;2.72
300512;200189;100109;"2021-11-02";"07:19:38";"cancelled";889;"upi";25;1.57
300695;200259;100118;"2021-10-28";"15:36:40";"pending";508;"cash";50;1.34
300910;200256;100304;"2021-02-08";"05:27:21";"cancelled";516;"card";5;4.75
301019;200089;100083;"2021-12-21";"13:45:52";"cancelled";665;"card";30;3.61
301120;200400;100478;"2021-01-06";"01:47:56";"pending";825;"card";20;1.21
301646;200073;100475;"2021-10-18";"20:47:44";"delivered";671;"cash";20;3.36
301797;200154;100420;"2021-06-29";"11:12:13";"delivered";828;"cash";30;1.05
301802;200108;100224;"2021-02-19";"07:28:32";"cancelled";505;"upi";35;1.24
301819;200041;100452;"2021-07-13";"18:17:24";"pending";867;"upi";5;4.02
301884;200103;100471;"2021-08-09";"12:23:24";"cancelled";270;"card";35;1.24
302137;200205;100309;"2021-01-09";"10:03:15";"cancelled";902;"cash";20;4.94
302179;200185;100494;"2021-11-23";"23:37:14";"pending";784;"card";25;1.52
302200;200244;100135;"2021-04-19";"17:01:10";"cancelled";441;"upi";10;1.6
302285;200335;100347;"2021-12-18";"09:49:30";"cancelled";502;"card";40;3.32
302324;200400;100402;"2021-11-30";"02:05:54";"cancelled";623;"card";15;1.03
302349;200002;100469;"2021-02-01";"13:53:16";"cancelled";651;"card";15;2.65
302813;200205;100173;"2021-07-27";"02:27:05";"pending";783;"card";45;4.66
302945;200469;100174;"2021-11-01";"01:57:31";"pending";329;"upi";50;2.14
302956;200466;100205;"2021-05-30";"03:48:57";"cancelled";589;"card";50;1.01
302983;200276;100244;"2021-12-24";"11:59:20";"pending";288;"upi";0;4.51
303073;200047;100020;"2021-02-16";"20:19:29";"pending";479;"cash";10;1.68
303300;200193;100213;"2021-12-01";"21:25:05";"cancelled";304;"card";35;1.24
303366;200463;100307;"2021-08-24";"04:37:01";"cancelled";334;"upi";25;2.1
303800;200042;100015;"2021-05-19";"09:44:56";"pending";619;"upi";45;4.29
303823;200142;100184;"2021-06-05";"09:31:34";"pending";955;"cash";5;4.58
303860;200010;100231;"2021-10-02";"20:26:43";"cancelled";910;"card";20;4.32
304029;200119;100007;"2021-02-11";"11:12:48";"pending";851;"cash";15;3.12
304446;200211;100205;"2021-03-18";"20:25:03";"cancelled";313;"cash";20;3.16
304458;200272;100346;"2021-04-06";"21:53:00";"cancelled";504;"cash";25;3.65
304492;200482;100430;"2021-03-16";"11:31:20";"delivered";612;"cash";35;1.12
304660;200023;100023;"2021-05-10";"12:11:22";"pending";515;"card";45;3.76
305056;200126;100147;"2021-04-13";"19:38:38";"cancelled";961;"card";20;4.13
305116;200258;100118;"2021-06-01";"22:11:13";"pending";707;"upi";35;2.36
305225;200018;100233;"2021-01-19";"12:25:24";"pending";250;"upi";50;2.21
305408;200397;100310;"2021-10-18";"19:27:25";"pending";463;"card";15;1.32
305707;200487;100075;"2021-01-06";"12:13:36";"delivered";397;"cash";45;1.07
305868;200398;100297;"2021-04-21";"09:14:51";"cancelled";152;"cash";50;4.82
305893;200258;100464;"2021-03-22";"03:17:23";"cancelled";749;"cash";10;2.8
306031;200044;100477;"2021-07-13";"15:43:14";"delivered";100;"cash";10;2.47
306446;200236;100065;"2021-03-03";"13:05:40";"cancelled";196;"card";30;2.15
306595;200399;100229;"2021-12-30";"05:06:38";"pending";159;"cash";5;2.75
307005;200418;100313;"2021-05-18";"15:12:40";"delivered";624;"upi";10;3.41
307007;200141;100400;"2021-04-03";"18:16:50";"cancelled";474;"upi";0;1.33
307089;200282;100187;"2021-08-05";"00:17:18";"cancelled";605;"card";10;4.28
307094;200400;100405;"2021-09-23";"13:35:46";"delivered";365;"card";30;2.13
307583;200492;100440;"2021-06-27";"21:14:35";"delivered";192;"card";5;4.6
307643;200129;100352;"2021-02-10";"02:44:55";"delivered";517;"upi";5;3.68
308065;200016;100095;"2021-10-22";"00:55:00";"delivered";946;"upi";35;4.27
308378;200442;100146;"2021-07-08";"19:04:49";"delivered";704;"upi";0;3.04
308584;200248;100192;"2021-06-12";"01:37:17";"pending";258;"upi";5;4.16
308638;200248;100470;"2021-09-28";"12:26:42";"pending";445;"cash";40;4.54
308718;200488;100162;"2021-05-19";"16:00:53";"cancelled";231;"upi";30;1.55
308761;200287;100102;"2021-08-22";"02:04:36";"delivered";620;"upi";40;4.41
308896;200341;100204;"2021-10-07";"01:07:12";"delivered";610;"cash";10;3.07
309005;200427;100413;"2021-02-12";"14:04:54";"delivered";671;"card";45;2.16
309757;200441;100200;"2021-09-28";"20:58:55";"pending";572;"cash";50;3.95
309825;200119;100457;"2021-01-05";"11:34:27";"delivered";644;"card";30;1.03
309867;200082;100064;"2021-01-26";"16:33:22";"cancelled";156;"upi";50;4.03
309921;200263;100011;"2021-06-23";"14:57:30";"pending";223;"card";45;4.85
310205;200126;100395;"2021-01-26";"16:48:39";"cancelled";948;"upi";40;3.38
310218;200381;100305;"2021-01-18";"21:56:10";"cancelled";815;"card";45;1.43
310345;200363;100190;"2021-02-20";"01:29:53";"delivered";521;"upi";0;1.31
310551;200418;100228;"2021-12-22";"17:05:17";"pending";798;"card";25;4.19
310720;200391;100151;"2021-07-08";"18:40:21";"pending";890;"cash";25;3.05
310972;200264;100042;"2021-05-10";"20:54:49";"delivered";836;"card";35;3.33
311133;200155;100245;"2021-06-06";"19:02:01";"pending";224;"upi";35;3.22
311700;200474;100026;"2021-12-08";"08:05:41";"delivered";311;"cash";35;3.13
311759;200309;100309;"2021-04-08";"19:25:46";"delivered";190;"card";40;1.42
311825;200273;100170;"2021-04-09";"18:17:52";"delivered";957;"card";0;1.35
311944;200370;100254;"2021-08-08";"01:17:09";"pending";593;"cash";30;3.16
312050;200484;100491;"2021-09-19";"10:43:50";"delivered";771;"cash";35;4.3
312067;200150;100377;"2021-01-03";"06:38:04";"pending";338;"cash";35;3.26
312438;200321;100144;"2021-02-27";"23:42:31";"pending";390;"cash";40;3.52
312529;200196;100493;"2021-10-29";"21:02:14";"cancelled";983;"card";30;4.92
312662;200014;100372;"2021-08-28";"17:13:37";"cancelled";813;"upi";15;3.91
312770;200023;100204;"2021-03-13";"10:12:07";"cancelled";570;"card";15;1.12
312889;200045;100236;"2021-04-14";"15:13:57";"delivered";991;"card";0;1.12
312941;200414;100083;"2021-10-16";"06:51:45";"cancelled";443;"cash";10;3.86
313298;200093;100447;"2021-07-08";"12:35:22";"cancelled";661;"card";35;2.54
313488;200264;100166;"2021-01-16";"19:29:26";"pending";790;"upi";25;1.94
313634;200378;100125;"2021-09-02";"14:02:47";"cancelled";604;"card";40;4.63
313787;200447;100189;"2021-03-24";"00:04:33";"pending";764;"cash";20;4.63
314000;200135;100022;"2021-10-14";"16:47:19";"delivered";551;"cash";30;4.46
314049;200345;100202;"2021-09-09";"17:14:27";"pending";361;"cash";10;3.23
314293;200467;100052;"2021-05-01";"07:38:48";"pending";491;"card";30;4.8
314401;200352;100386;"2021-12-01";"11:21:36";"delivered";359;"upi";50;3.69
314408;200138;100321;"2021-12-06";"06:43:47";"delivered";271;"upi";35;4.32
314629;200029;100452;"2021-06-03";"20:43:57";"cancelled";447;"cash";5;1.69
314704;200263;100193;"2021-09-21";"21:03:54";"pending";619;"upi";35;1.49
314835;200107;100388;"2021-07-09";"13:39:56";"cancelled";157;"cash";30;3.79
315162;200369;100134;"2021-01-06";"22:18:38";"delivered";750;"upi";45;4.68
315215;200064;100354;"2021-06-27";"07:21:07";"delivered";492;"cash";25;4.81
315291;200370;100103;"2021-07-21";"15:57:31";"pending";183;"upi";50;4.81
315313;200207;100184;"2021-06-25";"03:28:49";"cancelled";613;"upi";30;2.78
315602;200019;100316;"2021-05-30";"10:00:12";"cancelled";717;"cash";45;1.04
315884;200214;100281;"2021-06-17";"06:47:29";"cancelled";458;"upi";20;1.79
315943;200324;100155;"2021-04-09";"14:09:45";"delivered";609;"upi";10;4.06
316386;200397;100422;"2021-06-04";"18:58:33";"delivered";177;"upi";10;2.38
316539;200094;100436;"2021-05-05";"19:48:39";"pending";126;"card";0;2.68
317064;200296;100101;"2021-09-29";"19:41:22";"delivered";418;"cash";35;3.1
317525;200409;100386;"2021-04-30";"14:12:24";"cancelled";778;"card";50;2.77
318379;200271;100159;"2021-02-25";"02:28:49";"pending";112;"upi";45;1.85
318439;200332;100071;"2021-07-27";"02:18:53";"cancelled";346;"upi";10;1.79
318527;200258;100258;"2021-07-04";"07:12:00";"delivered";127;"card";35;4.1
318587;200338;100497;"2021-09-09";"01:51:50";"cancelled";810;"upi";10;4.59
318729;200361;100466;"2021-01-22";"13:10:43";"pending";339;"cash";0;4.11
318760;200146;100189;"2021-04-05";"06:33:07";"delivered";373;"cash";20;4.32
318985;200387;100374;"2021-10-19";"15:24:44";"cancelled";604;"card";35;1.24
319039;200259;100183;"2021-06-19";"14:28:18";"delivered";425;"upi";0;4.77
319107;200150;100201;"2021-05-18";"00:18:47";"cancelled";176;"upi";25;2.98
319265;200162;100177;"2021-08-12";"06:55:44";"cancelled";900;"cash";35;3.98
319591;200428;100386;"2021-09-08";"13:42:57";"delivered";841;"cash";5;1.59
319679;200037;100110;"2021-12-19";"12:11:50";"cancelled";478;"upi";30;1.52
319887;200143;100195;"2021-12-09";"23:28:21";"pending";942;"card";5;2.51
320251;200217;100240;"2021-06-07";"02:55:40";"pending";617;"upi";45;4.89
320276;200100;100256;"2021-04-01";"07:16:41";"cancelled";997;"card";50;2.49
320324;200497;100081;"2021-02-11";"08:38:19";"cancelled";610;"card";45;4.74
320477;200010;100218;"2021-01-13";"18:11:35";"delivered";110;"upi";40;3.79
320522;200103;100218;"2021-01-02";"11:16:25";"delivered";189;"cash";5;3.06
320729;200054;100140;"2021-08-18";"03:38:40";"cancelled";507;"cash";40;1.47
320934;200303;100408;"2021-11-20";"19:42:52";"delivered";476;"upi";15;3.24
321439;200480;100124;"2021-03-12";"09:15:58";"cancelled";354;"card";45;3.98
321464;200075;100258;"2021-06-26";"14:38:50";"pending";991;"cash";50;1.78
321466;200456;100344;"2021-10-22";"14:04:41";"cancelled";694;"upi";20;1.33
321476;200092;100443;"2021-12-02";"09:38:49";"pending";632;"cash";40;1.32
321693;200059;100277;"2021-01-14";"00:02:18";"delivered";694;"upi";10;1.92
322090;200080;100397;"2021-06-07";"20:24:28";"pending";930;"cash";50;1.65
322675;200196;100331;"2021-07-03";"10:33:08";"delivered";882;"card";30;1.92
322866;200425;100302;"2021-08-30";"22:22:55";"delivered";863;"cash";50;4.24
322883;200233;100349;"2021-06-19";"19:37:39";"delivered";506;"card";5;1.92
323021;200269;100028;"2021-10-01";"00:03:04";"delivered";907;"upi";40;4.74
323177;200420;100490;"2021-07-17";"10:15:48";"pending";810;"upi";50;4.07
323321;200072;100249;"2021-08-14";"14:59:44";"cancelled";444;"cash";35;3.57
323421;200086;100357;"2021-08-22";"06:59:56";"cancelled";690;"cash";10;3.65
323865;200119;100316;"2021-09-19";"17:23:54";"pending";201;"cash";10;4.13
323943;200134;100109;"2021-07-09";"18:35:11";"delivered";913;"card";30;3.26
324531;200478;100049;"2021-02-01";"11:50:55";"delivered";821;"card";10;2.44
324619;200397;100349;"2021-12-17";"15:55:31";"pending";282;"cash";20;2.15
324761;200323;100496;"2021-06-10";"12:06:51";"delivered";476;"upi";40;1.44
325121;200170;100369;"2021-09-08";"06:06:04";"pending";544;"card";40;4.81
325900;200264;100037;"2021-09-10";"02:53:33";"pending";528;"cash";10;4.88
326184;200468;100015;"2021-08-22";"08:20:26";"pending";622;"cash";10;4.44
326546;200134;100116;"2021-01-22";"01:54:35";"cancelled";757;"card";45;4.79
327217;200230;100312;"2021-06-09";"18:54:47";"pending";250;"card";20;1.74
327296;200093;100346;"2021-05-23";"17:09:32";"delivered";139;"cash";30;4.87
327322;200124;100165;"2021-12-15";"22:29:28";"pending";545;"cash";30;4.0
327350;200032;100157;"2021-03-11";"10:47:52";"cancelled";744;"cash";10;2.86
327661;200065;100257;"2021-02-01";"03:46:25";"delivered";951;"cash";25;4.75
327772;200050;100188;"2021-09-19";"04:53:02";"cancelled";633;"cash";30;1.21
327797;200242;100099;"2021-09-10";"16:45:29";"cancelled";418;"upi";25;3.38
328042;200129;100359;"2021-12-06";"10:59:04";"pending";469;"upi";20;4.89
328247;200339;100073;"2021-10-01";"09:30:00";"delivered";268;"cash";5;3.98
328473;200470;100338;"2021-02-04";"07:54:40";"pending";584;"card";20;4.59
328543;200288;100056;"2021-03-24";"23:44:53";"cancelled";453;"cash";35;4.22
329207;200215;100120;"2021-06-05";"04:01:25";"delivered";592;"upi";5;3.19
329327;200244;100438;"2021-02-26";"17:46:34";"pending";533;"card";50;3.14
329614;200128;100128;"2021-04-16";"07:35:22";"pending";499;"cash";40;3.84
329705;200281;100266;"2021-05-03";"13:20:55";"pending";165;"card";40;1.18
329931;200232;100465;"2021-12-11";"22:59:46";"delivered";924;"upi";40;1.81
330553;200043;100346;"2021-03-28";"03:19:13";"cancelled";763;"card";30;4.37
330648;200026;100181;"2021-01-28";"05:02:10";"cancelled";778;"cash";20;4.95
331146;200421;100284;"2021-08-29";"10:44:59";"pending";359;"cash";45;4.08
331420;200434;100226;"2021-12-02";"22:15:46";"cancelled";943;"card";25;1.37
331431;200332;100383;"2021-08-12";"17:47:37";"delivered";569;"upi";0;3.73
331800;200312;100110;"2021-08-03";"22:28:34";"cancelled";297;"cash";0;4.16
331925;200018;100266;"2021-11-29";"03:08:15";"cancelled";855;"cash";10;2.43
332619;200034;100366;"2021-04-29";"00:31:13";"cancelled";452;"upi";5;2.0
333278;200367;100147;"2021-11-09";"10:21:17";"cancelled";471;"card";15;2.17
333405;200433;100466;"2021-02-20";"15:50:08";"pending";923;"cash";5;2.76
333578;200499;100486;"2021-06-16";"14:42:31";"pending";858;"card";15;1.03
333876;200206;100062;"2021-11-14";"09:56:13";"pending";899;"upi";30;1.96
334028;200425;100094;"2021-12-07";"03:57:05";"pending";158;"upi";0;1.77
334066;200330;100144;"2021-09-23";"02:56:05";"cancelled";176;"upi";5;1.67
334128;200053;100150;"2021-07-23";"23:18:55";"cancelled";366;"cash";10;4.09
334147;200176;100258;"2021-06-13";"07:27:27";"cancelled";414;"cash";35;4.38
334603;200078;100369;"2021-05-05";"00:35:19";"pending";693;"cash";35;4.99
334830;200420;100478;"2021-05-03";"20:12:17";"delivered";923;"upi";30;4.1
334946;200247;100133;"2021-05-15";"01:01:45";"pending";762;"card";40;3.12
335322;200318;100322;"2021-10-20";"17:35:17";"delivered";110;"card";5;1.13
335455;200331;100215;"2021-01-28";"20:26:03";"delivered";809;"card";10;4.96
335503;200181;100342;"2021-07-20";"00:39:06";"delivered";285;"card";45;2.23
335520;200241;100053;"2021-04-06";"01:59:16";"cancelled";551;"upi";25;4.88
336785;200321;100495;"2021-04-17";"16:20:47";"pending";978;"card";50;4.25
337560;200333;100321;"2021-03-20";"12:39:22";"cancelled";736;"card";30;1.95
337642;200090;100355;"2021-08-09";"04:19:50";"pending";239;"cash";40;3.17
337725;200158;100438;"2021-12-20";"00:04:40";"delivered";634;"card";35;2.45
338019;200309;100397;"2021-04-06";"06:40:00";"cancelled";126;"upi";45;3.81
338058;200100;100283;"2021-03-06";"05:23:39";"cancelled";884;"cash";20;1.35
338136;200385;100445;"2021-03-03";"11:53:29";"pending";954;"upi";25;1.01
338558;200202;100079;"2021-04-01";"07:39:53";"pending";698;"cash";20;1.98
338729;200447;100399;"2021-01-31";"08:41:07";"delivered";240;"upi";50;4.93
339186;200309;100247;"2021-06-27";"04:50:54";"delivered";176;"upi";35;3.98
339229;200249;100249;"2021-02-24";"02:07:52";"pending";246;"card";5;3.35
339461;200373;100459;"2021-03-09";"19:03:59";"pending";512;"card";25;2.46
339502;200466;100005;"2021-07-17";"02:10:20";"cancelled";509;"upi";15;4.14
339533;200491;100093;"2021-11-15";"06:59:03";"pending";255;"upi";45;3.89
339668;200061;100351;"2021-02-14";"12:28:21";"cancelled";876;"upi";50;1.86
340057;200202;100219;"2021-05-12";"23:57:12";"pending";312;"card";10;1.24
340448;200343;100071;"2021-10-23";"06:03:04";"pending";785;"upi";15;1.63
340480;200300;100382;"2021-07-30";"23:55:31";"cancelled";639;"card";20;3.72
340776;200088;100156;"2021-01-13";"21:20:07";"pending";405;"upi";40;1.46
340903;200162;100235;"2021-08-10";"15:57:57";"delivered";667;"cash";15;1.0
341035;200187;100224;"2021-10-21";"08:45:16";"pending";236;"cash";15;4.96
341206;200061;100490;"2021-12-09";"23:29:27";"cancelled";186;"upi";15;2.31
341258;200234;100485;"2021-05-26";"08:32:15";"delivered";574;"card";10;2.26
341294;200092;100358;"2021-01-21";"05:21:00";"delivered";991;"card";20;2.15
341376;200215;100485;"2021-05-20";"04:39:44";"delivered";614;"cash";10;2.45
341600;200477;100447;"2021-05-10";"06:35:48";"pending";384;"cash";15;1.18
342334;200058;100184;"2021-12-26";"17:36:26";"cancelled";968;"upi";25;3.32
342601;200014;100130;"2021-09-20";"15:40:27";"cancelled";417;"card";50;1.78
342881;200348;100275;"2021-09-27";"08:24:03";"cancelled";917;"upi";35;3.31
343276;200118;100477;"2021-04-22";"22:16:38";"delivered";179;"cash";40;3.01
343461;200055;100440;"2021-12-13";"17:25:17";"cancelled";899;"card";10;1.73
343483;200225;100280;"2021-10-11";"06:11:59";"cancelled";226;"upi";20;3.17
343588;200029;100248;"2021-08-20";"22:13:26";"pending";440;"cash";25;1.43
343730;200386;100089;"2021-05-06";"00:47:48";"cancelled";187;"cash";10;2.9
344090;200468;100345;"2021-05-04";"16:03:00";"delivered";914;"card";10;3.38
344163;200282;100343;"2021-12-01";"11:33:29";"delivered";947;"upi";20;4.73
344365;200134;100234;"2021-10-06";"03:34:01";"cancelled";613;"card";15;1.7
344397;200426;100460;"2021-06-04";"01:57:25";"delivered";451;"upi";10;3.84
344553;200065;100366;"2021-12-15";"19:57:54";"cancelled";471;"upi";30;1.19
344718;200128;100138;"2021-10-28";"21:33:04";"pending";484;"cash";35;3.41
345012;200197;100008;"2021-07-26";"22:29:48";"cancelled";390;"cash";0;4.34
345826;200015;100175;"2021-02-13";"04:27:25";"pending";436;"card";50;1.33
346035;200234;100286;"2021-09-21";"06:43:33";"delivered";658;"card";0;3.69
346139;200250;100047;"2021-06-01";"13:29:24";"delivered";290;"cash";25;2.0
346559;200062;100189;"2021-07-18";"02:29:45";"cancelled";622;"cash";20;3.8
347141;200278;100406;"2021-12-25";"19:47:24";"pending";331;"cash";30;3.55
347267;200041;100169;"2021-07-25";"09:55:32";"cancelled";806;"card";15;2.71
347659;200200;100259;"2021-09-28";"15:07:54";"pending";448;"upi";45;1.38
347862;200435;100263;"2021-02-18";"19:19:03";"cancelled";983;"upi";5;1.52
347901;200268;100440;"2021-11-09";"17:00:09";"delivered";227;"card";15;1.56
347906;200245;100317;"2021-04-20";"04:02:26";"cancelled";153;"cash";20;3.94
347908;200037;100271;"2021-04-09";"16:15:22";"delivered";627;"cash";0;2.41
347949;200165;100454;"2021-10-02";"10:33:12";"pending";656;"cash";30;4.88
348089;200182;100238;"2021-05-20";"22:40:59";"cancelled";408;"upi";50;2.78
348318;200120;100119;"2021-11-25";"19:48:26";"cancelled";834;"upi";25;2.22
348362;200158;100135;"2021-06-10";"23:41:33";"delivered";521;"card";40;2.67
348405;200045;100401;"2021-09-11";"12:13:42";"cancelled";798;"card";15;4.44
348590;200333;100191;"2021-06-18";"18:31:55";"cancelled";653;"card";40;3.17
348807;200353;100087;"2021-06-11";"09:11:48";"delivered";617;"upi";35;3.3
348926;200198;100193;"2021-03-27";"22:40:08";"delivered";661;"card";50;1.41
349157;200083;100013;"2021-12-21";"06:46:27";"pending";651;"cash";5;4.34
349289;200493;100345;"2021-05-02";"18:44:03";"pending";157;"card";35;1.35
349464;200171;100471;"2021-06-11";"08:03:49";"pending";785;"upi";10;3.63
349607;200104;100201;"2021-10-25";"15:32:52";"pending";634;"upi";45;2.27
350485;200498;100282;"2021-10-05";"03:10:03";"cancelled";424;"cash";0;3.41
350826;200160;100350;"2021-12-24";"01:01:07";"pending";508;"card";50;2.74
350994;200282;100183;"2021-08-18";"07:25:51";"cancelled";666;"card";45;4.77
351021;200356;100348;"2021-05-27";"19:54:25";"cancelled";890;"cash";10;4.02
351196;200333;100216;"2021-06-25";"16:19:34";"delivered";587;"upi";10;3.76
351334;200116;100369;"2021-10-13";"00:49:39";"pending";545;"cash";35;1.21
351335;200068;100338;"2021-10-04";"03:10:33";"delivered";796;"cash";50;1.2
351456;200306;100151;"2021-08-12";"19:57:28";"pending";372;"upi";40;1.12
351689;200127;100429;"2021-12-03";"19:36:55";"pending";106;"upi";5;3.96
352173;200404;100057;"2021-09-01";"14:09:55";"cancelled";892;"card";35;4.26
352202;200043;100124;"2021-07-22";"00:58:47";"delivered";475;"card";15;3.7
352443;200331;100199;"2021-06-07";"12:27:46";"cancelled";996;"card";20;4.79
352665;200498;100204;"2021-07-28";"06:48:51";"pending";714;"cash";35;2.05
352831;200437;100032;"2021-06-15";"08:03:43";"delivered";697;"cash";30;1.06
352921;200270;100325;"2021-02-20";"17:46:17";"cancelled";567;"upi";10;1.27
352982;200465;100245;"2021-04-16";"13:24:54";"pending";906;"card";50;3.57
353052;200453;100074;"2021-12-05";"22:03:38";"delivered";635;"upi";10;4.17
353099;200151;100443;"2021-05-26";"09:58:21";"delivered";294;"card";20;2.43
353106;200305;100141;"2021-06-23";"16:51:11";"cancelled";304;"upi";35;2.82
353157;200445;100054;"2021-03-20";"10:28:57";"cancelled";901;"cash";10;4.55
353201;200266;100252;"2021-12-01";"06:48:16";"pending";891;"cash";5;4.45
353241;200276;100452;"2021-12-26";"00:33:13";"cancelled";443;"card";50;3.43
353323;200494;100011;"2021-01-20";"04:54:03";"cancelled";854;"card";5;3.49
353383;200009;100360;"2021-02-10";"20:34:22";"cancelled";939;"card";10;1.68
353400;200380;100261;"2021-10-03";"17:49:09";"cancelled";666;"cash";10;4.72
353483;200072;100228;"2021-03-22";"23:29:09";"pending";968;"upi";0;4.74
353603;200126;100250;"2021-04-16";"04:20:41";"pending";100;"cash";5;3.14
353604;200207;100222;"2021-12-07";"16:37:49";"delivered";972;"cash";0;2.61
353806;200422;100359;"2021-02-08";"19:03:18";"pending";754;"cash";30;3.14
353939;200465;100325;"2021-01-10";"11:21:38";"cancelled";383;"upi";40;2.81
354136;200097;100398;"2021-08-28";"07:31:03";"cancelled";918;"cash";15;4.31
354218;200276;100191;"2021-07-06";"05:35:16";"pending";142;"cash";35;3.19
354433;200007;100088;"2021-10-10";"04:16:38";"delivered";614;"upi";50;3.16
354726;200019;100062;"2021-10-18";"23:21:09";"delivered";249;"upi";35;1.87
354922;200277;100064;"2021-03-26";"02:47:03";"delivered";859;"card";20;2.32
355048;200296;100275;"2021-02-20";"22:39:58";"cancelled";932;"card";45;1.57
355118;200243;100115;"2021-01-13";"21:30:47";"cancelled";551;"card";45;4.4
355139;200433;100475;"2021-07-04";"18:39:37";"delivered";485;"card";20;2.5
355282;200194;100251;"2021-03-07";"08:43:57";"pending";673;"card";5;4.36
355356;200438;100099;"2021-01-31";"17:43:16";"delivered";193;"card";50;1.81
355547;200438;100412;"2021-09-13";"01:20:51";"delivered";931;"cash";45;2.85
356006;200123;100062;"2021-05-07";"21:25:18";"pending";894;"upi";5;3.92
356041;200108;100076;"2021-11-06";"11:29:50";"cancelled";381;"cash";25;1.42
356626;200397;100498;"2021-02-26";"07:44:50";"pending";750;"cash";40;3.05
356633;200258;100482;"2021-03-23";"23:45:04";"delivered";149;"upi";40;3.12
356698;200439;100303;"2021-08-14";"13:18:41";"cancelled";226;"cash";50;2.39
356700;200139;100318;"2021-03-19";"02:21:31";"delivered";364;"upi";30;4.48
356719;200140;100259;"2021-10-25";"07:57:51";"cancelled";433;"upi";5;3.92
356787;200288;100381;"2021-11-06";"08:14:12";"delivered";408;"upi";25;1.66
356889;200135;100469;"2021-04-15";"18:12:31";"delivered";939;"upi";50;3.45
357178;200097;100371;"2021-03-21";"07:21:29";"cancelled";278;"upi";35;3.84
357864;200012;100122;"2021-03-31";"20:53:34";"cancelled";258;"cash";15;3.84
358103;200456;100297;"2021-02-28";"23:06:58";"cancelled";866;"card";20;4.95
358231;200474;100302;"2021-07-27";"12:52:16";"cancelled";533;"card";0;3.74
358664;200163;100097;"2021-09-30";"08:31:29";"delivered";248;"card";25;2.96
358846;200446;100099;"2021-06-10";"17:59:44";"cancelled";268;"card";10;1.7
359008;200326;100168;"2021-12-29";"20:34:39";"cancelled";383;"upi";40;4.53
359104;200413;100203;"2021-01-15";"16:06:00";"delivered";128;"upi";30;1.19
359217;200236;100263;"2021-08-16";"09:29:11";"delivered";512;"card";5;3.64
359284;200026;100022;"2021-01-29";"00:42:13";"pending";973;"upi";40;2.6
359416;200126;100445;"2021-08-19";"13:57:35";"pending";281;"card";15;4.2
359508;200245;100259;"2021-11-05";"07:54:35";"pending";190;"card";5;2.05
359536;200481;100246;"2021-09-23";"20:19:02";"delivered";910;"upi";0;4.9
359647;200161;100287;"2021-03-10";"00:20:22";"pending";217;"card";0;4.59
359694;200476;100217;"2021-11-13";"13:01:37";"cancelled";497;"card";35;1.96
360648;200326;100480;"2021-11-30";"21:07:47";"delivered";187;"card";0;1.07
361465;200475;100394;"2021-11-07";"05:22:31";"cancelled";192;"upi";15;4.21
361475;200198;100306;"2021-04-30";"02:12:41";"cancelled";795;"cash";50;1.27
361826;200049;100471;"2021-04-14";"13:17:33";"pending";682;"card";40;4.98
361955;200370;100488;"2021-03-25";"14:03:47";"pending";811;"card";40;1.66
361974;200130;100357;"2021-12-27";"07:08:22";"delivered";143;"cash";35;4.97
362070;200335;100280;"2021-08-17";"19:05:56";"pending";763;"cash";30;4.44
362242;200107;100302;"2021-01-22";"02:49:38";"delivered";667;"cash";40;3.65
362282;200149;100213;"2021-03-31";"21:15:43";"delivered";944;"cash";45;3.16
362530;200241;100202;"2021-02-15";"11:14:42";"delivered";146;"card";0;3.54
362569;200265;100292;"2021-06-30";"12:34:30";"delivered";867;"cash";0;2.76
362877;200202;100057;"2021-06-28";"04:02:28";"pending";953;"card";50;2.16
363150;200455;100145;"2021-12-23";"15:17:52";"cancelled";886;"upi";30;1.28
363254;200104;100372;"2021-05-16";"16:14:56";"pending";697;"card";25;4.21
363588;200292;100397;"2021-05-22";"01:08:47";"pending";348;"cash";5;2.73
363779;200225;100171;"2021-05-29";"05:20:08";"delivered";968;"upi";50;3.46
364338;200004;100346;"2021-04-03";"10:41:30";"delivered";474;"cash";25;2.68
364374;200469;100269;"2021-12-22";"09:30:04";"cancelled";176;"upi";15;2.85
364406;200147;100186;"2021-12-25";"23:07:20";"cancelled";917;"upi";20;1.06
364643;200162;100124;"2021-10-01";"12:53:27";"delivered";905;"cash";45;4.47
364723;200066;100191;"2021-08-12";"04:37:40";"delivered";653;"upi";10;1.4
364884;200330;100476;"2021-02-07";"13:16:11";"delivered";770;"upi";45;2.72
364918;200350;100011;"2021-05-16";"21:53:15";"delivered";428;"card";20;4.67
365082;200073;100443;"2021-11-01";"16:53:21";"delivered";304;"upi";20;1.52
365202;200298;100417;"2021-05-15";"21:48:11";"delivered";468;"cash";30;4.67
365219;200274;100036;"2021-04-02";"09:47:25";"pending";413;"cash";0;3.52
365612;200020;100005;"2021-05-03";"08:23:51";"delivered";608;"cash";10;4.3
365994;200344;100182;"2021-08-06";"19:30:50";"delivered";614;"cash";45;2.88
366019;200399;100125;"2021-09-10";"05:16:06";"pending";581;"upi";20;2.16
366359;200016;100398;"2021-11-21";"07:54:43";"pending";137;"cash";15;3.95
366570;200155;100406;"2021-02-05";"10:54:15";"cancelled";854;"upi";0;4.73
366947;200320;100279;"2021-04-21";"12:39:56";"cancelled";730;"card";5;4.68
366990;200092;100234;"2021-05-27";"01:19:41";"cancelled";654;"card";25;4.88
367196;200007;100101;"2021-07-10";"15:30:11";"cancelled";593;"upi";35;4.68
367221;200328;100235;"2021-09-19";"14:30:29";"delivered";559;"card";30;4.94
367362;200452;100142;"2021-07-06";"10:15:29";"pending";500;"card";45;3.39
367443;200021;100311;"2021-03-04";"18:23:11";"cancelled";113;"card";10;1.9
367866;200200;100412;"2021-08-13";"18:52:22";"cancelled";403;"cash";10;2.63
368308;200201;100177;"2021-09-01";"00:20:51";"cancelled";525;"card";35;1.32
368438;200353;100082;"2021-11-19";"10:22:40";"pending";652;"upi";10;4.01
369307;200379;100499;"2021-05-02";"17:37:42";"cancelled";485;"upi";15;3.72
369640;200387;100144;"2021-10-01";"21:16:04";"pending";493;"upi";50;3.94
370047;200437;100174;"2021-01-13";"13:37:54";"pending";310;"upi";0;4.56
370231;200284;100206;"2021-03-12";"05:15:05";"pending";519;"card";15;1.6
370438;200041;100386;"2021-05-18";"12:51:16";"pending";615;"upi";40;2.43
370706;200491;100497;"2021-08-25";"19:53:50";"delivered";529;"cash";0;2.52
370718;200017;100482;"2021-04-27";"21:57:12";"delivered";659;"upi";45;4.22
371040;200306;100228;"2021-08-11";"05:51:49";"cancelled";320;"card";35;4.08
371065;200045;100276;"2021-08-16";"16:31:59";"delivered";770;"upi";0;2.89
371231;200303;100358;"2021-12-29";"19:30:17";"delivered";336;"upi";45;3.41
371654;200152;100176;"2021-07-24";"02:08:15";"cancelled";101;"cash";40;1.11
371846;200297;100211;"2021-12-20";"14:52:33";"pending";789;"upi";45;3.44
371877;200136;100296;"2021-01-28";"04:49:03";"pending";907;"cash";50;2.58
372074;200428;100327;"2021-10-11";"02:00:18";"cancelled";716;"card";20;1.6
372152;200214;100310;"2021-11-19";"03:45:36";"cancelled";740;"cash";45;4.06
372180;200030;100235;"2021-07-15";"07:44:27";"pending";330;"card";15;4.12
372306;200423;100388;"2021-01-22";"05:23:35";"cancelled";481;"upi";25;3.74
372375;200167;100139;"2021-10-20";"20:43:42";"pending";331;"card";10;2.42
372435;200054;100159;"2021-08-27";"21:36:23";"cancelled";794;"cash";10;4.86
372553;200125;100124;"2021-11-21";"21:32:00";"pending";778;"upi";35;3.08
372586;200240;100247;"2021-06-08";"18:55:04";"delivered";722;"card";10;3.79
372758;200452;100454;"2021-06-02";"07:34:43";"delivered";191;"card";50;1.25
372759;200471;100015;"2021-06-13";"03:26:34";"cancelled";796;"upi";5;1.84
372977;200146;100250;"2021-08-28";"09:05:35";"cancelled";535;"upi";25;2.03
373008;200307;100292;"2021-01-13";"17:16:02";"pending";554;"cash";25;1.36
373590;200269;100000;"2021-08-05";"22:12:56";"pending";803;"card";35;4.23
373663;200303;100113;"2021-01-16";"05:41:22";"pending";453;"card";45;4.58
373688;200188;100301;"2021-08-30";"16:10:57";"pending";636;"upi";50;4.65
373693;200382;100077;"2021-04-17";"20:46:28";"cancelled";882;"cash";10;4.6
373969;200125;100344;"2021-12-08";"10:51:37";"cancelled";680;"upi";20;3.59
374430;200480;100106;"2021-04-17";"08:21:18";"cancelled";255;"card";35;2.05
374610;200395;100124;"2021-06-10";"19:53:41";"pending";874;"upi";40;2.71
374614;200057;100072;"2021-01-03";"03:44:36";"pending";877;"cash";0;1.32
374941;200138;100460;"2021-12-01";"07:52:02";"delivered";732;"upi";0;1.16
375904;200382;100057;"2021-11-14";"18:12:18";"cancelled";105;"card";20;3.84
376008;200172;100262;"2021-04-05";"04:38:41";"delivered";925;"upi";50;4.55
376067;200267;100108;"2021-09-28";"13:56:29";"delivered";664;"card";25;1.95
376113;200230;100400;"2021-02-01";"03:43:38";"pending";893;"upi";10;4.73
376193;200087;100021;"2021-08-13";"07:24:38";"delivered";112;"card";25;2.61
376433;200141;100072;"2021-06-07";"18:28:06";"pending";420;"upi";45;4.22
376563;200010;100371;"2021-01-18";"23:39:23";"cancelled";616;"upi";10;1.02
376761;200300;100301;"2021-07-14";"04:31:31";"delivered";998;"upi";10;2.13
377803;200333;100036;"2021-04-27";"19:14:13";"delivered";257;"card";25;2.96
377996;200320;100141;"2021-04-13";"05:04:37";"pending";448;"upi";0;4.23
378140;200492;100128;"2021-03-07";"00:25:31";"delivered";432;"card";10;2.0
378221;200310;100357;"2021-02-21";"21:29:53";"pending";505;"upi";35;2.87
379092;200332;100154;"2021-12-27";"18:03:06";"pending";204;"upi";35;2.05
379196;200156;100353;"2021-01-30";"21:21:31";"delivered";192;"cash";10;2.82
379271;200393;100422;"2021-05-25";"10:06:29";"pending";656;"card";10;3.58
379304;200170;100062;"2021-01-18";"22:17:47";"pending";793;"upi";0;1.49
379329;200410;100015;"2021-05-26";"07:34:20";"pending";374;"cash";45;4.99
379673;200065;100224;"2021-01-07";"16:33:11";"cancelled";825;"upi";35;3.14
380253;200405;100477;"2021-06-29";"14:44:35";"delivered";129;"upi";35;3.87
380345;200247;100433;"2021-02-15";"05:57:56";"delivered";191;"card";10;1.23
380416;200200;100382;"2021-08-22";"18:02:40";"cancelled";664;"card";15;1.45
380765;200009;100049;"2021-10-05";"07:55:29";"delivered";570;"card";50;4.43
381216;200394;100484;"2021-01-22";"05:46:47";"pending";331;"upi";5;1.82
381288;200306;100056;"2021-06-08";"22:51:41";"cancelled";232;"upi";50;3.09
381430;200296;100143;"2021-11-04";"23:12:22";"delivered";441;"upi";45;3.66
381521;200139;100296;"2021-07-20";"04:24:35";"delivered";318;"card";30;1.09
381646;200137;100408;"2021-03-07";"09:57:51";"cancelled";917;"upi";40;2.25
382226;200215;100249;"2021-03-03";"21:29:15";"pending";517;"upi";0;2.49
382858;200442;100138;"2021-02-11";"23:24:25";"pending";888;"cash";50;1.43
382934;200285;100133;"2021-11-02";"15:54:37";"delivered";418;"cash";45;3.41
383260;200037;100328;"2021-03-28";"02:16:17";"delivered";104;"card";20;2.77
383303;200483;100258;"2021-09-07";"23:45:50";"pending";943;"cash";5;3.05
383437;200236;100455;"2021-02-26";"13:21:29";"cancelled";301;"card";20;2.02
383471;200296;100095;"2021-11-26";"04:03:09";"cancelled";941;"cash";20;1.49
383585;200047;100462;"2021-09-09";"19:21:21";"pending";901;"card";50;1.36
383738;200371;100260;"2021-06-15";"00:04:25";"pending";547;"card";30;3.58
384062;200302;100433;"2021-12-01";"00:31:28";"pending";957;"upi";45;3.68
384410;200084;100040;"2021-06-12";"03:40:25";"pending";812;"card";5;2.37
384594;200282;100353;"2021-07-30";"08:31:27";"pending";764;"card";20;1.29
384655;200177;100281;"2021-10-18";"19:14:55";"cancelled";346;"upi";35;3.09
384733;200422;100365;"2021-02-27";"12:49:15";"delivered";748;"cash";25;2.65
384881;200466;100483;"2021-05-21";"07:24:57";"delivered";122;"upi";25;1.44
386089;200373;100134;"2021-09-21";"06:30:38";"delivered";424;"upi";15;2.26
386173;200091;100405;"2021-10-18";"12:26:58";"cancelled";299;"cash";40;3.14
386377;200200;100189;"2021-02-01";"21:14:28";"delivered";473;"upi";50;1.63
386446;200413;100012;"2021-08-30";"08:57:34";"delivered";217;"upi";10;2.44
386517;200271;100118;"2021-03-30";"15:55:39";"cancelled";578;"cash";0;1.08
386654;200068;100436;"2021-06-09";"14:35:21";"delivered";705;"card";20;4.78
386689;200095;100169;"2021-10-07";"16:01:44";"cancelled";935;"card";5;1.21
386698;200272;100183;"2021-01-24";"05:58:07";"delivered";792;"cash";35;3.88
386841;200120;100263;"2021-12-11";"02:03:32";"pending";464;"card";35;1.53
387202;200389;100285;"2021-07-05";"05:44:34";"cancelled";630;"cash";5;2.37
387608;200074;100040;"2021-02-17";"11:08:37";"delivered";903;"cash";15;4.72
387855;200031;100039;"2021-07-19";"02:55:57";"cancelled";683;"cash";25;2.62
388228;200097;100473;"2021-07-21";"14:35:00";"cancelled";651;"cash";45;3.9
388367;200057;100191;"2021-07-24";"04:30:39";"pending";313;"cash";50;2.66
388822;200031;100184;"2021-11-12";"13:52:51";"pending";430;"upi";15;2.7
388925;200387;100241;"2021-02-16";"16:57:07";"delivered";572;"cash";35;2.98
389117;200315;100191;"2021-01-19";"05:29:45";"delivered";447;"upi";40;4.68
389230;200084;100149;"2021-10-31";"05:29:45";"cancelled";560;"card";35;3.54
389384;200099;100430;"2021-02-11";"19:42:25";"pending";794;"upi";10;3.28
389429;200377;100030;"2021-07-22";"12:55:05";"cancelled";589;"cash";50;4.39
389545;200141;100039;"2021-11-27";"08:53:02";"delivered";799;"upi";5;1.65
389950;200145;100298;"2021-07-11";"06:02:24";"delivered";876;"upi";35;1.88
390039;200476;100414;"2021-06-29";"11:53:18";"delivered";520;"card";40;3.03
390256;200009;100307;"2021-01-02";"06:42:22";"cancelled";270;"card";40;3.49
390417;200264;100348;"2021-01-23";"06:56:26";"delivered";249;"upi";0;1.05
390456;200111;100159;"2021-07-19";"05:03:07";"delivered";984;"upi";20;3.65
390576;200119;100325;"2021-11-30";"05:41:15";"pending";603;"upi";0;4.22
390637;200380;100079;"2021-06-19";"14:21:11";"delivered";618;"card";20;3.78
390960;200325;100096;"2021-05-11";"14:58:14";"delivered";314;"upi";45;3.08
391098;200177;100198;"2021-07-04";"12:04:03";"delivered";666;"card";5;2.95
391725;200179;100460;"2021-02-19";"20:04:22";"pending";473;"cash";40;1.31
391766;200155;100212;"2021-12-30";"20:27:16";"delivered";633;"cash";0;4.96
392007;200377;100015;"2021-10-28";"03:54:46";"cancelled";767;"upi";20;3.47
392324;200205;100422;"2021-05-21";"08:44:47";"cancelled";148;"card";5;2.0
392635;200322;100225;"2021-06-15";"13:05:01";"pending";350;"cash";35;4.25
392979;200427;100253;"2021-04-25";"11:33:24";"delivered";747;"cash";20;1.36
393146;200446;100305;"2021-01-27";"21:35:24";"pending";393;"card";30;1.7
393813;200432;100299;"2021-11-24";"01:44:39";"cancelled";588;"upi";5;3.09
393876;200479;100051;"2021-03-05";"04:36:10";"cancelled";653;"upi";10;1.26
394111;200037;100314;"2021-04-09";"03:12:58";"delivered";197;"card";25;1.1
394581;200053;100332;"2021-03-24";"17:09:43";"delivered";256;"card";25;4.69
394682;200381;100493;"2021-05-27";"21:04:34";"delivered";857;"card";5;2.02
394858;200276;100120;"2021-08-11";"17:07:47";"pending";303;"cash";40;4.33
395001;200044;100182;"2021-08-03";"11:26:09";"delivered";323;"card";45;1.58
395052;200029;100368;"2021-05-27";"23:54:55";"pending";979;"upi";25;1.84
395441;200450;100454;"2021-09-28";"17:02:46";"pending";313;"card";10;3.31
395645;200278;100098;"2021-10-08";"10:45:31";"delivered";945;"card";0;3.61
395849;200424;100449;"2021-12-02";"01:18:00";"cancelled";549;"upi";25;3.83
395896;200255;100228;"2021-01-28";"09:48:51";"pending";651;"upi";10;3.19
395926;200336;100233;"2021-05-27";"06:05:58";"cancelled";675;"upi";0;4.98
396227;200202;100335;"2021-04-05";"05:34:51";"cancelled";379;"cash";50;4.21
396608;200228;100445;"2021-10-26";"02:02:15";"pending";979;"upi";15;3.65
396674;200455;100370;"2021-06-26";"20:42:48";"delivered";543;"upi";40;3.12
397036;200497;100053;"2021-02-25";"07:59:33";"pending";526;"card";5;2.16
397309;200473;100074;"2021-02-07";"15:12:19";"delivered";971;"cash";50;3.56
397524;200292;100475;"2021-09-19";"06:37:54";"delivered";518;"cash";0;2.85
397698;200017;100109;"2021-07-08";"10:41:32";"cancelled";206;"upi";20;2.43
398020;200075;100353;"2021-08-04";"21:49:14";"delivered";501;"card";20;3.61
398170;200182;100269;"2021-02-11";"16:59:28";"cancelled";714;"cash";45;2.65
398355;200480;100347;"2021-03-03";"02:20:29";"cancelled";893;"cash";40;2.76
398369;200188;100215;"2021-05-08";"01:40:20";"cancelled";138;"upi";0;2.6
398380;200478;100163;"2021-08-12";"01:46:38";"delivered";808;"upi";50;2.69
398461;200115;100066;"2021-05-01";"21:51:57";"delivered";588;"cash";15;4.61
398489;200345;100342;"2021-01-17";"10:39:12";"cancelled";970;"upi";50;2.65
398676;200326;100146;"2021-07-10";"17:02:44";"cancelled";489;"card";30;2.56
398740;200415;100177;"2021-08-06";"18:13:07";"delivered";641;"cash";50;4.9
398823;200205;100059;"2021-02-01";"08:11:16";"pending";325;"card";25;2.67
399133;200459;100261;"2021-08-05";"02:53:30";"delivered";453;"card";5;4.21
399491;200096;100280;"2021-08-15";"21:09:32";"cancelled";567;"card";15;1.97
399598;200268;100477;"2021-01-26";"12:45:58";"pending";359;"card";0;3.33
399599;200199;100096;"2021-05-10";"22:39:13";"delivered";928;"upi";40;2.83
399811;200337;100034;"2021-04-03";"19:19:08";"pending";938;"cash";40;3.91
